{
    "x": -6.581524848937988,
    "y": -0.2120434045791626,
    "z": 0.0
}