{
    "x": -4.0010457038879398,
    "y": 4.062690734863281,
    "z": 0.0
}