{
    "x": 5.200056076049805,
    "y": 2.4726977348327638,
    "z": 0.0
}